{"initial_reset_timestamp": 1554070868.2254841, "timestamps": [1554070873.189576], "episode_lengths": [149], "episode_rewards": [-149.0], "episode_types": ["t"]}