{"initial_reset_timestamp": 1554401050.0216541, "timestamps": [1554401055.268883], "episode_lengths": [158], "episode_rewards": [-158.0], "episode_types": ["t"]}